model,benchmark,dm_stat,p_value,n
pooled_mean,ar1,5.590790334082991,2.260383880070549e-08,28
state_mean,ar1,5.590790334082991,2.260383880070549e-08,28
national_bridge,ar1,3.371231435347104,0.0007483296266963535,28
bridge,ar1,-3.232670458095203,0.0012263894542297038,28
dfm,ar1,-3.213749722591088,0.001310138164044572,28
peer_average,ar1,-1.6493289407332337,0.09908026372142031,28
random_walk,ar1,-1.6493289407332337,0.09908026372142031,28
