model,benchmark,dm_stat,p_value,n
bridge,ar1,-6.700952104478158,2.070654758767887e-11,1296
state_mean,ar1,-5.866256325665774,4.457445301753182e-09,1296
pooled_mean,ar1,-5.861352977656458,4.591108604401484e-09,1296
national_bridge,ar1,-5.807242659884529,6.351005943372456e-09,1296
dfm,ar1,-5.6025895635890315,2.1117285697869193e-08,1296
peer_average,ar1,-2.055523843751601,0.03982843507417644,1296
random_walk,ar1,-1.4072730589652043,0.15934643487942424,1296
