model,benchmark,dm_stat,p_value,n
dfm,ar1,18.15353216312031,0.0,56
peer_average,ar1,23.7673913715916,0.0,56
pooled_mean,ar1,17.584178071068973,0.0,56
state_mean,ar1,7.958940832612092,1.7763568394002505e-15,56
national_bridge,ar1,6.268456307176038,3.646449808769603e-10,56
random_walk,ar1,-2.2031314615472537,0.027585484291503093,56
bridge,ar1,-1.6174957492775368,0.10577131249176897,56
