model,benchmark,dm_stat,p_value,n
bridge,ar1,-3.122385871659319,0.0017939164379356942,270
state_mean,ar1,-3.0184203521363226,0.0025409618438414494,270
pooled_mean,ar1,-2.9940442514160517,0.002753060123630524,270
national_bridge,ar1,-2.973274193224973,0.0029464111298265205,270
dfm,ar1,-2.876443707998798,0.004021839238083302,270
random_walk,ar1,-2.349215541201576,0.01881301286591186,270
peer_average,ar1,-2.170566249666329,0.029963975643820362,270
