state,composite_dfm_corr,composite_gdp_corr,dfm_gdp_corr
CA,-0.9794918578458377,0.9598591274142197,-0.9857475064803508
