state,composite_dfm_corr,composite_gdp_corr,dfm_gdp_corr
CA,0.07876357761360106,0.4630855716153283,0.5760255628801878
TX,-0.21953714374035796,0.23510449398561914,-0.962040097293928
