state,composite_dfm_corr,composite_gdp_corr,dfm_gdp_corr
CA,-0.9857882714045404,0.9665715392807416,-0.9865025171629122
