model,rmse,mae,bias,directional_accuracy,n
bridge,0.5110523543299603,0.40645013282323006,-0.10912674566501275,0.6296296296296297,28
dfm,0.5172528284709247,0.4114567293614897,-0.07105511673902802,0.7037037037037037,28
peer_average,1.0155812551739183,0.8296612274305021,0.04124521095537505,0.48148148148148145,28
random_walk,1.0155812551739183,0.8296612274305021,0.04124521095537505,0.48148148148148145,28
ar1,1.1248544551289796,0.9495365824620876,-0.2378827478785094,0.5185185185185185,28
national_bridge,3.1031242715940515,2.4497338609148307,2.361746503114046,0.5555555555555556,28
pooled_mean,3.5486528936646726,3.254549664575206,3.254549664575206,0.4444444444444444,28
state_mean,3.5486528936646726,3.254549664575206,3.254549664575206,0.4444444444444444,28
