model,rmse,mae,bias,directional_accuracy,n
bridge,7.5972990191296494,4.262274466124122,-1.5582417733877787,0.5230769230769231,270
dfm,10.08931590459121,5.988484124983563,1.9228900913727522,0.4269230769230769,270
state_mean,10.110780205204431,4.896288151539499,-0.47451507115033387,0.23846153846153847,270
pooled_mean,10.147366803742335,4.9876999128653265,-0.47451507115033387,0.3269230769230769,270
national_bridge,10.24802292338238,5.152746573940151,0.5763779149551952,0.45,270
peer_average,15.605721588365437,7.1925734948810245,0.03229567657200615,0.4461538461538462,270
random_walk,15.901582738168834,7.503546434555401,0.03229567657200634,0.3576923076923077,270
ar1,19.991190005138822,7.945630200293189,-3.4627396715191843,0.5807692307692308,270
