model,rmse
bridge,0.5554223038304043
dfm,0.6738600761846294
random_walk,1.1064561726969127
ar1,1.1838012743494375
