model,rmse,mae,bias,directional_accuracy,n
bridge,1.0655826051520245,0.8272198282008613,-0.19947841472070746,0.7222222222222222,56
random_walk,1.1634135921821191,0.959007242590299,-0.07655058859799421,0.42592592592592593,56
ar1,1.2414165851832342,1.0262157361738258,-0.24827678786380045,0.4444444444444444,56
state_mean,3.9688979841292795,3.62253708368317,-0.367987419107964,0.46296296296296297,56
national_bridge,8.2680972278691,6.793991657651085,4.368736546922136,0.5185185185185185,56
dfm,9.767165790807827,9.571301303129347,-0.07839438039156375,0.5740740740740741,56
pooled_mean,9.796142439751081,9.590612869781287,-0.3679874191079792,0.4444444444444444,56
peer_average,19.303374996172334,19.063429940009204,-0.07655058859799421,0.5370370370370371,56
