state,precision,recall,flags
AZ,0.09090909090909091,0.25,11
CA,0.375,0.5,8
FL,0.25,0.6666666666666666,8
IL,0.3333333333333333,0.2,6
MI,0.2727272727272727,0.2727272727272727,11
NC,0.2727272727272727,0.5,11
NY,0.2857142857142857,0.18181818181818182,7
OH,0.3333333333333333,0.3333333333333333,9
PA,0.125,0.1,8
TX,0.1111111111111111,0.125,9
