state,precision,recall,flags
CA,0.7222222222222222,0.5909090909090909,18
TX,0.5,0.47368421052631576,18
